{
    "bucketName": "s3veinbucket",
    "authPolicyName": "s3_amplify_447747e4",
    "unauthPolicyName": "s3_amplify_447747e4",
    "authRoleName": {
        "Ref": "AuthRoleName"
    },
    "unauthRoleName": {
        "Ref": "UnauthRoleName"
    },
    "selectedGuestPermissions": [
        "s3:PutObject",
        "s3:GetObject",
        "s3:ListBucket",
        "s3:DeleteObject"
    ],
    "selectedAuthenticatedPermissions": [
        "s3:PutObject",
        "s3:GetObject",
        "s3:ListBucket",
        "s3:DeleteObject"
    ],
    "s3PermissionsAuthenticatedPublic": "s3:PutObject,s3:GetObject,s3:DeleteObject",
    "s3PublicPolicy": "Public_policy_cfb50b15",
    "s3PermissionsAuthenticatedUploads": "s3:PutObject",
    "s3UploadsPolicy": "Uploads_policy_cfb50b15",
    "s3PermissionsAuthenticatedProtected": "s3:PutObject,s3:GetObject,s3:DeleteObject",
    "s3ProtectedPolicy": "Protected_policy_cf8cc8e4",
    "s3PermissionsAuthenticatedPrivate": "s3:PutObject,s3:GetObject,s3:DeleteObject",
    "s3PrivatePolicy": "Private_policy_cf8cc8e4",
    "AuthenticatedAllowList": "ALLOW",
    "s3ReadPolicy": "read_policy_cfb50b15",
    "s3PermissionsGuestPublic": "s3:PutObject,s3:GetObject,s3:DeleteObject",
    "s3PermissionsGuestUploads": "s3:PutObject",
    "GuestAllowList": "ALLOW",
    "triggerFunction": "NONE"
}