{
	"function": {
		"fyprojectb05e55dbCustomMessage": {
			"service": "Lambda",
			"providerPlugin": "awscloudformation",
			"build": true
		}
	},
	"auth": {
		"fyprojectb05e55db": {
			"service": "Cognito",
			"providerPlugin": "awscloudformation",
			"dependsOn": [
				{
					"category": "function",
					"resourceName": "fyprojectb05e55dbCustomMessage",
					"triggerProvider": "Cognito",
					"attributes": [
						"Arn",
						"Name"
					]
				}
			]
		}
	},
	"storage": {
		"s3Veinbucket": {
			"service": "S3",
			"providerPlugin": "awscloudformation"
		}
	}
}