{
    "dev": {
        "awscloudformation": {
            "AuthRoleName": "amplify-fyproject-dev-145218-authRole",
            "UnauthRoleArn": "arn:aws:iam::025245158365:role/amplify-fyproject-dev-145218-unauthRole",
            "AuthRoleArn": "arn:aws:iam::025245158365:role/amplify-fyproject-dev-145218-authRole",
            "Region": "us-east-2",
            "DeploymentBucketName": "amplify-fyproject-dev-145218-deployment",
            "UnauthRoleName": "amplify-fyproject-dev-145218-unauthRole",
            "StackName": "amplify-fyproject-dev-145218",
            "StackId": "arn:aws:cloudformation:us-east-2:025245158365:stack/amplify-fyproject-dev-145218/a4eadfd0-6767-11ea-a260-0a22cca2ed82",
            "AmplifyAppId": "d1a424m9w3wrbh"
        },
        "categories": {
            "function": {
                "fyprojectb05e55dbCustomMessage": {
                    "REDIRECTURL": "",
                    "EMAILSUBJECT": "",
                    "EMAILMESSAGE": ""
                }
            },
            "auth": {
                "fyprojectb05e55db": {}
            }
        }
    }
}