{
    "identityPoolName": "fyprojectb05e55db_identitypool_b05e55db",
    "allowUnauthenticatedIdentities": true,
    "resourceNameTruncated": "fyprojb05e55db",
    "userPoolName": "fyprojectb05e55db_userpool_b05e55db",
    "autoVerifiedAttributes": [
        "email"
    ],
    "mfaConfiguration": "OFF",
    "mfaTypes": [
        "SMS Text Message"
    ],
    "smsAuthenticationMessage": "Your authentication code is {####}",
    "smsVerificationMessage": "Your verification code is {####}",
    "emailVerificationSubject": "Your verification code",
    "emailVerificationMessage": "Your verification code is {####}",
    "defaultPasswordPolicy": false,
    "passwordPolicyMinLength": 8,
    "passwordPolicyCharacters": [],
    "requiredAttributes": [
        "email",
        "name",
        "phone_number"
    ],
    "userpoolClientGenerateSecret": true,
    "userpoolClientRefreshTokenValidity": 30,
    "userpoolClientWriteAttributes": [
        "email"
    ],
    "userpoolClientReadAttributes": [
        "email"
    ],
    "userpoolClientLambdaRole": "fyprojb05e55db_userpoolclient_lambda_role",
    "userpoolClientSetAttributes": false,
    "resourceName": "fyprojectb05e55db",
    "authSelections": "identityPoolAndUserPool",
    "authRoleArn": {
        "Fn::GetAtt": [
            "AuthRole",
            "Arn"
        ]
    },
    "unauthRoleArn": {
        "Fn::GetAtt": [
            "UnauthRole",
            "Arn"
        ]
    },
    "useDefault": "default",
    "usernameAttributes": [
        "email, phone_number"
    ],
    "triggers": "{\"CustomMessage\":[\"verification-link\"]}",
    "userPoolGroupList": [],
    "verificationBucketName": "fyprojectb05e55dbverificationbucket",
    "parentStack": {
        "Ref": "AWS::StackId"
    },
    "permissions": [],
    "dependsOn": [
        {
            "category": "function",
            "resourceName": "fyprojectb05e55dbCustomMessage",
            "triggerProvider": "Cognito",
            "attributes": [
                "Arn",
                "Name"
            ]
        }
    ]
}